Name,URL_1080,URL_720,URL_480,Status
مسلسل المداح اسطورة النهاية الحلقة 1 الاولي                                                                                                                                                 2026,,,,Broken
مسلسل علي كلاي الحلقة 3 الثالثة                                                                                                                                                 2026,,,,Broken
مسلسل الكينج الحلقة 4 الرابعة                                                                                                                                                 2026,,,,Broken
مسلسل المداح 6 اسطورة النهاية الحلقة 5 الخامسة                                                                                                                                                 2026,,,,Broken
مسلسل درش الحلقة 3 الثالثة                                                                                                                                                 2026,,,,Broken
مسلسل علي كلاي الحلقة 2 الثانية                                                                                                                                                 2026,,,,Broken
مسلسل افراج الحلقة 3 الثالثة                                                                                                                                                 2026,,,,Broken
مسلسل الكينج الحلقة 3 الثالثة                                                                                                                                                 2026,,,,Broken
مسلسل البراني 2 الحلقة 2 الثانية                                                                                                                                                 2026,,,,Broken
مسلسل هي كيميا الحلقة 4 الرابعة                                                                                                                                                 2026,,,,Broken
مسلسل هيا امي Mama Go الحلقة 17 مترجمة     ( 2026  ),,,,Broken
مسلسل هيا امي Mama Go الحلقة 16 مترجمة     ( 2026  ),,,,Broken
مسلسل عش الطمع الحلقة 1 الاولى     ( 2026  ),,,,Broken
انمي Dark Moon: Tsuki no Saidan الحلقة 7 مترجمة     ( 2026  ),,,,Broken
انمي Enen no Shouboutai Part 2 الموسم الثالث الحلقة     ( 2026  ),,,,Broken
